موضوع کتاب,نام کتاب,نویسنده,ناشر چاپی,سال انتشار,فرمت کتاب,تعداد صفحات,زبان,شابک,قیمت
"کتاب‌های ادبیات پارسی, کتاب‌های شعر پارسی",کتاب دلنوشته‌های کودکی‌ام,نازیتا حبیبی,انتشارات دیبادخت,۱۳۹۸,EPUB,189,فارسی,978-622-96296-0-4,10000 تومان - 2.49€
کتاب‌های ادبیات پارسی,کتاب ادبیات مقاومت در ایران (از فروپاشی ساسانیان تا دوران مشروطه),فاروق صفی زاده,انتشارات ایران جام,۱۳۹۱,EPUB,145,فارسی,978-964-8379-33-4,25000 تومان - 2.99€
"کتاب‌های ادبیات پارسی, کتاب‌های علوم تربیتی",کتاب فلسفه تربیتی اساطیر شاهنامه,سیده زهره افتخار افضلی,نشر بوتیا,۱۴۰۰,EPUB,347,فارسی,978-622-7102-52-9,35000 تومان - 4.49€
کتاب‌های ادبیات پارسی,کتاب قفس‌ها زنده‌اند,فرح مقصودی,انتشارات مینو,۱۳۹۹,EPUB,74,فارسی,978-964-7487-57-3,20000 تومان - 2.49€
کتاب‌های ادبیات پارسی,کتاب تصدق نامه,امیر امیری,نشر لک لک,۱۳۹۹,EPUB,100,فارسی,978-622-666819-4,23500 تومان - 2.99€
کتاب‌های ادبیات پارسی,کتاب نامه‌ای به تو: مسافر کوچک من,نگین آل آقا,انتشارات یمام,۱۳۹۹,EPUB,72,فارسی,978-600-877257-6,10000 تومان - 1.49€
کتاب‌های ادبیات پارسی,کتاب خلسه‌های یک روح ناآرام,حسن پولادی,انتشارات متخصصان,۱۴۰۰,EPUB,402,فارسی,978-622-292-249-8,30000 تومان - 6.49€
کتاب‌های ادبیات پارسی,کتاب چندین نوشته کوتاه برای آن مهربان بردبار,خواجه عبدالله انصاری, دید مثبت,۱۳۸۹,EPUB,64,فارسی,978-964-8617-66-5,17000 تومان - 2.49€
"کتاب‌های ادبیات پارسی, کتاب‌های شعر پارسی",کتاب خوشه چینی 2: برگزیده‌ای از سخنان بزرگان به صورت نظم و نثر,الله مراد نجفی,نشر رزا,۱۳۹۹,PDF,135,فارسی,978-622-7534-43-6,18500 تومان - 2.49€
کتاب‌های ادبیات پارسی,کتاب فرنود:‌ شعر نوین به همراه اشارات,حمیدرضا مشکانی,انتشارات نوروزی,۱۴۰۰,EPUB,776,فارسی,978-622-02-1705-3,10000 تومان - 1.49€
"کتاب‌های ادبیات پارسی, کتاب‌های شعر پارسی",کتاب و دیگر هیچ,حورا پورمدنی,انتشارات مرسل,۱۳۹۵,EPUB,36,فارسی,978-964-972-479-9,10000 تومان - 1.49€
کتاب‌های ادبیات پارسی,کتاب سرباز,مقصود نعیمی ذاکر,نشر لک لک,۱۳۹۵,PDF,38,فارسی,978-600-6472-25-6,11000 تومان - 1.49€
"کتاب‌های ادبیات پارسی, کتاب‌های عرفان و تصوف",کتاب این خداست که با تو حرف می‌زند,سمیه محب زاده بهابادی,انتشارات مینوفر,۱۳۹۵,EPUB,88,فارسی,978-600-8590-77-4,رایگان - 0€
کتاب‌های ادبیات پارسی,کتاب چشم انداز شعر امروز افغانستان,قنبر علی تابش,انتشارات بین المللی الهدی,۱۳۸۰,PDF,221,فارسی,,20000 تومان - 2.49€
کتاب‌های ادبیات پارسی,کتاب اشک سایه,فرح مقصودی,انتشارات مینو,۱۳۹۹,EPUB,85,فارسی,978-964-7487-59-7,20000 تومان - 2.49€
کتاب‌های ادبیات پارسی,کتاب درآمدی بر اهریمن شناسی ایرانی ,آرش اکبری مفاخر,انتشارات ترفند,۱۳۹۴,EPUB,304,فارسی,978-964-7332-88-0,47000 تومان - 4.99€
کتاب‌های ادبیات پارسی,کتاب همین: مجموعه نامه های عاشقانه,عبدالرحیم سعیدی راد,انتشارات هزاره ققنوس,۱۳۹۴,EPUB,100,فارسی,978-600-286-105-4,20000 تومان - 2.49€
کتاب‌های ادبیات پارسی,کتاب تجلی قرآن کریم در شعر معاصر,سید احمد ذبیحی,انتشارات صفیر حق,۱۳۹۰,EPUB,472,فارسی,978-600-92480-0-1,2000 تومان - 0.49€
کتاب‌های ادبیات پارسی,کتاب من و یگانه و دیوار: زندان و صدای مکتوب عاشق,پرویز خرسند,انتشارات شمشاد,۱۳۹۵,EPUB,176,فارسی,978-600-8392-16-3,5000 تومان - 0.99€
کتاب‌های ادبیات پارسی,کتاب از من تا هستی,سالومه نواب دانشمند,انتشارات پژوهش اخوت,۱۳۸۸,EPUB,162,فارسی,978-600-90767-3-4,11000 تومان - 1.49€
کتاب‌های ادبیات پارسی,کتاب سرگذشت زبان فارسی دری,رسول رهین,انتشارات بین المللی الهدی,۱۳۸۸,EPUB,284,فارسی,978-964-439-431-7,20000 تومان - 2.49€
کتاب‌های ادبیات پارسی,کتاب برگزیده آثار بزرگان ادب پارسی - جلد سوم,بدرالسادات عیوقی,انتشارات عیوقی,۱۳۹۳,EPUB,328,فارسی,978-964-829143-8,36000 تومان - 4.49€
کتاب‌های ادبیات پارسی,کتاب زندگی خصوصی من و تو,عاطفه خلیلی,انتشارات باد,۱۳۹۳,EPUB,61,فارسی,978-600-6527-32-1,15000 تومان - 1.99€
"کتاب‌های ادبیات پارسی, کتاب‌های مرجع و دایره المعارف",کتاب ریشه شناسی نمادهای باستانی در سخن پارسی,احمد بارانی,انتشارات ترفند,۱۳۸۷,EPUB,144,فارسی,978-964-7332-78-1,37000 تومان - 4.49€
کتاب‌های ادبیات پارسی,کتاب رازکاوی ادبیات کودک و نوجوان: تحلیل محتوایی کتاب کودک,ناهید محمدبیگی,انتشارات ترفند,۱۳۸۹,EPUB,646,فارسی,978-964-7332-90-3,47000 تومان - 4.99€
کتاب‌های ادبیات پارسی,کتاب برگزیده آثار بزرگان ادب پارسی - جلد دوم,بدرالسادات عیوقی,انتشارات عیوقی,۱۳۹۳,EPUB,300,فارسی,978-964-8291-39-1,36000 تومان - 4.49€
کتاب‌های ادبیات پارسی,کتاب چهل تکه,مسلم شوبکلائی,,۱۳۹۳,PDF,84,فارسی,978-964-246-000-0,رایگان - 0€
کتاب‌های ادبیات پارسی,کتاب دلنوشته‌های من و تنهایی,اسد رضایی,,۱۳۹۶,EPUB,53,فارسی,978-600-04-9197-0,20000 تومان - 2.49€
کتاب‌های ادبیات پارسی,کتاب برگزیده آثار بزرگان ادب پارسی - جلد اول,بدرالسادات عیوقی,انتشارات عیوقی,۱۳۹۳,EPUB,258,فارسی,9789648291377,36000 تومان - 4.49€
"کتاب‌های ادبیات پارسی, کتاب‌های انقلاب و دفاع مقدس",کتاب ادبیات دفاع مقدس (مباحث نظری و شناخت اجمالی گونه‌های ادبی),محمدرضا سنگری,انتشارات صریر,۱۳۹۸,EPUB,348,فارسی,978-600-5156-66-9,23400 تومان - 2.99€
کتاب‌های ادبیات پارسی,کتاب آلبالو وحشی,سهیل اظهری,انتشارات نسل روشن,۱۴۰۰,EPUB,64,فارسی,978-622-247-684-7,24000 تومان - 2.99€
کتاب‌های ادبیات پارسی,کتاب گذری بر زبان و ادبیات فارسی,فاروق صفی زاده,انتشارات ایران جام,۱۳۹۳,EPUB,318,فارسی,978-964-8379-72-3,30000 تومان - 3.99€
"کتاب‌های ادبیات پارسی, کتاب‌های نقد و بررسی",کتاب ادبیات تعلیمی,علی سید طاهر الدینی, موسسه فرهنگی آرمان رشد,۱۳۹۷,PDF,126,فارسی,978-964-8310-17-3,24000 تومان - 2.99€
کتاب‌های ادبیات پارسی,کتاب شمس ناپیدا (برگزیده‌ای از مقالات شمس تبریزی),شمس تبریزی,انتشارات پله,۱۳۹۳,EPUB,128,فارسی,978-600-94695-0-5,21000 تومان - 4.49€
کتاب‌های ادبیات پارسی,کتاب برگزیده آثار بزرگان ادب پارسی - جلد پنجم,بدرالسادات عیوقی,انتشارات عیوقی,۱۳۹۳,EPUB,287,فارسی,9789648291452,36000 تومان - 4.49€
کتاب‌های ادبیات پارسی,کتاب مثل خون در رگ‌های من,احمد شاملو,نشر چشمه,۱۳۹۴,EPUB,172,فارسی,978-600-229-471-5,60000 تومان - 10.99€
کتاب‌های ادبیات پارسی,کتاب زندگى را به رقص آور!,مسیحا برزگر,انتشارات ذهن آویز,۱۳۹۰,EPUB,144,فارسی,978-600-118-017-0,25000 تومان - 2.99€
کتاب‌های ادبیات پارسی,کتاب پروژه‌ی پدری,گروه نویسندگان,نشر اطراف,۱۴۰۰,EPUB,232,فارسی,978-622-6194-44-0,46900 تومان - 4.99€
"کتاب‌های ادبیات پارسی, کتاب‌های داستان و رمان ایرانی",کتاب گنجینه جواهر یا کشکول ممتاز,مرتضی احمدیان,,۱۳۷۸,EPUB,313,فارسی,978-964-6815-15-4,رایگان - 0€
"کتاب‌های ادبیات پارسی, کتاب‌های کلام و عقاید",کتاب رستخیز: بیست و چهار روایت از روضه‌هایی که زندگی می‌کنیم,گروه نویسندگان,نشر اطراف,۱۴۰۰,EPUB,212,فارسی,978-622-6194-07-5,28800 تومان - 3.49€
کتاب‌های ادبیات پارسی,کتاب و فراموشی کیمیاست,یگانه خرمندار,انتشارات نسل روشن,۱۴۰۰,EPUB,174,فارسی,978-622-247-646-5,21000 تومان - 2.49€
کتاب‌های ادبیات پارسی,کتاب رقص زندگی,مسیحا برزگر,انتشارات ذهن آویز,۱۳۹۰,EPUB,424,فارسی,978-600-118-045-3,30000 تومان - 3.99€
کتاب‌های ادبیات پارسی,کتاب جمعه را گذاشتم برای خودکشی: پنج تک‌ نگاری درباره‌ی دیدن و زیستن,پیمان هوشمندزاده,نشر چشمه,۱۴۰۱,EPUB,99,فارسی,978-622-01-0557-2,24000 تومان - 4.99€
"کتاب‌های ادبیات پارسی, کتاب داستان کودک",کتاب بال‌هایت را کجا جا گذاشتی؟,عرفان نظرآهاری,نشر افق,۱۳۹۵,EPUB,48,فارسی,978-964-369-200-0,18000 تومان - 3.99€
"کتاب‌های ادبیات پارسی, کتاب‌های فلسفه و منطق",کتاب اتاق تاریک فیل: جستارهایی در باب زندگی انسان,محمدامین ضرابی,نشر میلکان,۱۴۰۱,EPUB,95,فارسی,978-622-254-308-2,25000 تومان - 2.99€
"کتاب‌های ادبیات پارسی, کتاب‌های معماری",کتاب خانه خوانی؛ تجربه‌ی زندگی در خانه‌های دوره‌ی گذار معماری تهران,علی طباطبایی,نشر اطراف,۱۴۰۰,EPUB,136,فارسی,978-622-6194-26-6,28700 تومان - 3.49€
"کتاب‌های ادبیات پارسی, کتاب‌های تاریخ ایران",کتاب اسطوره‌شناسی,فاروق صفی زاده,انتشارات ایران جام,۱۳۹۲,PDF,311,فارسی,978-964-8379-66-2,28000 تومان - 3.49€
کتاب‌های ادبیات پارسی,کتاب کآشوب: بیست و سه روایت از روضه‌هایی که زندگی می‌کنیم,گروه نویسندگان,نشر اطراف,۱۳۹۹,EPUB,245,فارسی,978-600-98019-1-6,35000 تومان - 4.49€
کتاب‌های ادبیات پارسی,کتاب ادبیات کودکان، قصه گویی و نمایش خلاق,پدرام حکیم زاده,انتشارات شهر پدرام,۱۳۹۹,EPUB,163,فارسی,978-622-7646-03-0,20000 تومان - 2.49€
"کتاب‌های ادبیات پارسی, کتاب‌های عرفان و تصوف",کتاب من آن توام: سی‌ پاره‌ گمشده از مصحف خاموشان,سید عبدالحمید ضیایی,انتشارات سوره مهر,۱۳۹۸,EPUB,152,فارسی,978-600-03-2910-5,15000 تومان - 3.49€
"کتاب‌های ادبیات پارسی, کتاب‌های شعر پارسی",کتاب ما به عشق محتاجیم,مسیحا برزگر,انتشارات ذهن آویز,۱۳۹۵,EPUB,160,فارسی,978-600-118-061-3,20000 تومان - 2.49€
"کتاب‌های ادبیات پارسی, کتاب‌های جملات قصار",کتاب بزم ایران,وحید کیان,نشر ارس,۱۴۰۰,PDF,267,فارسی,978-600-5630-71-8,35500 تومان - 6.49€
"کتاب‌های شعر پارسی, کتاب‌های ادبیات پارسی",کتاب 23 داستان از دفتر سوم مثنوی مولانا,مجید آذرشاهی,انتشارات مسیر دانشگاه,۱۳۹۸,PDF,227,فارسی,978-600-883096-2,12000 تومان - 1.49€
"کتاب‌های شعر پارسی, کتاب‌های ادبیات پارسی",کتاب مجموعه منتخب شعر و دلنوشته گردش مستانه,سید محمدحسین میران,انتشارات اودیسه,۱۳۹۸,EPUB,70,فارسی,978-622-6180-36-8,رایگان - 0€
"کتاب‌های شعر پارسی, کتاب‌های ادبیات پارسی",کتاب گلستان,سعدی شیرازی,انتشارات کتابدار,۱۳۹۰,PDF,251,فارسی,978-600-5489-75-0,30000 تومان - 3.99€
کتاب‌های ادبیات پارسی,کتاب زان‌ تشنگان: بیست و چهار روایت از روضه‌هایی که زندگی می‌کنیم,گروه نویسندگان,نشر اطراف,۱۳۹۸,EPUB,240,فارسی,978-622-6194-29-7,28800 تومان - 3.49€
"کتاب‌های آموزش موسیقی, کتاب‌های ادبیات پارسی",کتاب فارسی فی فن الالحان,سید محمدتقی حسینی,انتشارات سوره مهر,۱۳۹۱,EPUB,235,فارسی,978-600-175-254-4,11050 تومان - 2.49€
کتاب‌های ادبیات پارسی,کتاب رهیده: هجده روایت از روضه‌هایی که زندگی می‌کنیم,گروه نویسندگان,نشر اطراف,۱۴۰۰,EPUB,232,فارسی,978-622-6194-54-9,32000 تومان - 3.99€
"کتاب‌های شعر پارسی, کتاب‌های ادبیات پارسی",کتاب دانه‌ی معنی: بازخوانی داستان‌های مثنوی معنوی,مولانا جلال الدین محمد بلخی,انتشارات آرایه,۱۳۹۹,EPUB,301,فارسی,978-600-5605-09-9,10000 تومان - 1.49€
کتاب‌های ادبیات پارسی,کتاب هفته‌ی چهل و چند: بیست روایت از مادری در همین روزها,گروه نویسندگان,نشر اطراف,۱۳۹۹,EPUB,278,فارسی,978-600-98079-5-4,38500 تومان - 4.99€
"کتاب‌های شعر پارسی, کتاب‌های ادبیات پارسی",کتاب 21 داستان از دفتر اول مثنوی مولانا,مولانا جلال الدین محمد بلخی,انتشارات مسیر دانشگاه,۱۳۹۷,PDF,233,فارسی,978-600-8830-42-9,12000 تومان - 1.49€
"کتاب‌های نقد و بررسی, کتاب‌های ادبیات پارسی",کتاب راهنمای ساده برای شاعران نو قلم ,ارسطو خوش حساب,انتشارات نسل روشن,۱۳۹۷,EPUB,88,فارسی,978-622-6413-26-8,22500 تومان - 2.99€
"کتاب‌های شعر پارسی, کتاب‌های ادبیات پارسی",کتاب گلستان سعدی,سعدی شیرازی,انتشارات مرسل,۱۳۹۸,EPUB,236,فارسی,978-964-8288-790-7,25000 تومان - 2.99€
"کتاب‌های علوم اجتماعی, کتاب‌های ادبیات پارسی",کتاب فرهنگ عامیانه مردم ایران: نیرنگستان، اوسانه، ترانه‌ها، آثار تحقیقی و آثار چاپ نشده,صادق هدایت,نشر چشمه,۱۴۰۰,PDF,424,فارسی,978-964-5571-16-2,67500 تومان - 7.49€
"نگارش, کتاب‌های ادبیات پارسی",کتاب پرستوها در راه اند: بررسی نخستین گرایش های زنانه در ادبیات فارسی و عربی,فائزه احمدی,انتشارات سیادت,۱۳۹۰,PDF,384,فارسی,9789640475478,18000 تومان - 2.49€
"کتاب‌های علوم اجتماعی, کتاب‌های ادبیات پارسی",کتاب خلیج فارس در آیینه‌ی فرهنگ عامه,یاسین قاسمی بجد,انتشارات جزیره کتاب,۱۴۰۱,EPUB,216,فارسی,978-964-233-460-5,25000 تومان - 2.99€
"کتاب‌های سفرنامه, کتاب‌های ادبیات پارسی",کتاب زیر سقف دنیا: جستارهایی درباره‌ی شهرها و آدم‌ها,محمد طلوعی,نشر چشمه,۱۴۰۱,EPUB,156,فارسی,978-622-010780-4,35500 تومان - 4.49€
"کتاب‌های زندگی نامه, کتاب‌های ادبیات پارسی",کتاب یادها و یادگارها,محمد ترابی,انتشارات پرتا‌ قلم,۱۴۰۰,EPUB,148,فارسی,978-622-98690-2-4,40000 تومان - 4.99€
"کتاب‌های طنز, کتاب‌های ادبیات پارسی",کتاب گزیده طنز عبدالرحمن جامی: آثار منظوم,نسیم عرب امیری,انتشارات نیستان,۱۴۰۱,EPUB,111,فارسی,978-622-208-668-8,27600 تومان - 3.49€
"کتاب‌های سفرنامه, کتاب‌های ادبیات پارسی",کتاب لاوهات: مجموعه یادداشت‌های عبدالجبار کاکایی,عبدالجبار کاکایی,انتشارات نیستان,۱۳۹۵,EPUB,154,فارسی,978-964-337-833-2,15000 تومان - 3.49€
"کتاب‌های زندگی نامه, کتاب‌های طنز",کتاب تا از سخن دور نیفتیم,داوود غفارزادگان,انتشارات نیستان,۱۳۹۷,EPUB,196,فارسی,978-622-208-051-8,34400 تومان - 6.49€
"فرهنگ لغت, کتاب‌های ادبیات پارسی",کتاب قاموس الحلاج,حیدر شجاعی,انتشارات شهر پدرام,۱۳۹۶,PDF,173,فارسی,978-600-7811-71-9,25000 تومان - 2.99€
"کتاب‌های آموزش عکاسی, کتاب‌های ادبیات پارسی",کتاب دست روی شانه: 40 جستار، 56 عکس از عکاسان ایرانی,یوریک کریم مسیحی,نشر بیدگل,۱۴۰۰,EPUB,291,فارسی,978-622-7554-46-5,67000 تومان - 7.49€
"کتاب‌های مرجع و دایره المعارف, کتاب‌های ادبیات پارسی",کتاب اسطوره ی زمین و آسمان,فائقه سرخوش,انتشارات ترفند,۱۳۸۹,EPUB,320,فارسی,978-964-7332-85-9,15000 تومان - 1.99€
"کتاب‌های آموزش عکاسی, کتاب‌های ادبیات پارسی",کتاب در جهت عکس: 39 عکس، 39 جستار,یوریک کریم مسیحی,نشر بیدگل,۱۳۹۹,PDF,190,فارسی,978-600-5193-05-3,56000 تومان - 5.99€
"کتاب‌های طنز, کتاب‌های شعر پارسی",کتاب گزیده طنز فوق الدین یزدی,فوق الدین یزدی,انتشارات نیستان,۱۴۰۱,EPUB,83,فارسی,978-622-208-672-5,20400 تومان - 4.49€
"کتاب‌های جملات قصار, کتاب‌های ادبیات پارسی",کتاب نگارستان: حاوی مطالب، اشعار و متون ادبی ویژه مناسبت‌ها,سید کمال علوی,انتشارات فرنام,۱۳۹۷,PDF,293,فارسی,978-600-7608-76-0,30000 تومان - 3.99€
"کتاب‌های نقد و بررسی, کتاب‌های آموزش فیلم سازی",کتاب مرگ مولف و سینمای ملی و جستارهای دیگر,علیرضا تولایی,انتشارات دهکده سلامت,۱۳۹۹,EPUB,134,فارسی,978-622-968994-3,32000 تومان - 3.99€
"کتاب‌های نقد و بررسی, کتاب‌های ادبیات پارسی",کتاب آثارشناسی توصیفی احمد شاملو,مانی پارسا,نشر چشمه,۱۳۸۸,PDF,653,فارسی,978-964-362-443-2,20500 تومان - 2.49€
"کتاب‌های شعر پارسی, کتاب‌های ادبیات پارسی",کتاب ژرفای احساس,منظر پوستین دوز,انتشارات کنکاش,۱۳۹۹,EPUB,189,فارسی,978-600-136-639-0,30000 تومان - 6.49€
"کتاب‌های ادبیات پارسی, کتاب‌های شعر پارسی",کتاب پرنده می‌میرد، پرواز می‌ماند,مسیحا برزگر,انتشارات ذهن آویز,۱۳۸۹,EPUB,167,فارسی,978-600-118-019-4,15000 تومان - 1.99€
کتاب‌های ادبیات پارسی,کتاب صفحه‌ی هیچ ساعتی گرد نیست,مهتاب چناری,انتشارات نسل روشن,۱۳۹۷,EPUB,68,فارسی,978-622-6169-55-4,12000 تومان - 1.49€
کتاب‌های ادبیات پارسی,کتاب برگزیده آثار بزرگان ادب پارسی - جلد چهارم,بدرالسادات عیوقی,انتشارات عیوقی,۱۳۹۱,EPUB,302,فارسی,978-964-8291-44-5,36000 تومان - 4.49€
"کتاب‌های داستان و رمان ایرانی, کتاب‌های ادبیات پارسی",کتاب آبی قرمز,محمد ارجمند,انتشارات سیصد و شصت درجه,۱۴۰۰,EPUB,98,فارسی,978-622-7418-45-3,15000 تومان - 1.99€
کتاب‌های ادبیات پارسی,کتاب هذیان زمستانی,یونس شفیعی,انتشارات آموزشی تالیفی کارآفرین آریا,۱۳۹۹,EPUB,79,فارسی,978-622-967041-5,رایگان - 0€
"کتاب‌های دانشگاهی, کتاب‌های ادبیات پارسی",کتاب فارسی عمومی,بهجت السادات حجازی,انتشارات آوای نور,۱۳۹۱,PDF,207,فارسی,978-600-5413-94-6,38000 تومان - 4.49€
"کتاب‌های ادبیات پارسی, کتاب‌های ادبیات جهان",کتاب دیو در ادبیات کودک: بررسی نقش دیو در ادبیات داستانی کودک در دهه‌ی 80,الهه اصغرزاده,انتشارات گیوا,۱۳۹۸,EPUB,144,فارسی,978-600-451-656-3,19900 تومان - 2.49€
"کتاب‌های آموزش عکاسی, کتاب‌های ادبیات پارسی",کتاب نه فقط زیبا: 43 جستار، 54 عکس درباره‌ی زنان,یوریک کریم مسیحی,نشر بیدگل,۱۳۹۹,PDF,316,فارسی,978-622-6863-45-2,67000 تومان - 7.49€
کتاب‌های ادبیات پارسی,کتاب رگ خواب سفید,سیده خدیجه موسوی اذان دهی,انتشارات متخصصان,۱۳۹۸,EPUB,114,فارسی,978-622-6841-02-3,9500 تومان - 1.99€
کتاب‌های ادبیات پارسی,کتاب خاکستر عشق,فرح مقصودی,انتشارات مینو,۱۳۹۹,EPUB,79,فارسی,978-964-7487-59-7,20000 تومان - 2.49€
"کتاب‌های ادبیات پارسی, کتاب‌های شعر پارسی",کتاب دیوار باورهای من,سمیه عثمانی,انتشارات زانکو,۱۳۹۵,EPUB,74,فارسی,978-600-8622-62-8,10500 تومان - 1.49€
"کتاب‌های ادبیات پارسی, کتاب علمی و آموزشی نوجوان",کتاب قبل از بعدی,سید ضیاءالدین شفیعی,انتشارات هزاره ققنوس,۱۳۹۸,EPUB,88,فارسی,978-600-286-222-8,10000 تومان - 1.49€
کتاب‌های ادبیات پارسی,کتاب در جستجوی حال خوش پایدار,محمدحسن جعفری سهامیه,انتشارات نسل روشن,۱۳۹۸,EPUB,140,فارسی,978-622-6676-19-9,11000 تومان - 1.49€
"کتاب‌های ادبیات پارسی, کتاب‌های شعر پارسی",کتاب زخم‌های عمیق را هم درمانی هست,میثم امیرمقدم,انتشارات میعاد اندیشه,۱۳۹۹,EPUB,150,فارسی,978-622-231-237-4,16000 تومان - 1.99€
کتاب‌های ادبیات پارسی,کتاب در انتظار خورشید,رقیه قائمی,انتشارات هزاره ققنوس,۱۳۹۶,EPUB,72,فارسی,978-600-286-214-3,10000 تومان - 1.49€
"کتاب‌های ادبیات پارسی, کتاب‌های نقد و بررسی",کتاب از حماسه تا انقلاب، موسیقی,هوشنگ جاوید,انتشارات سوره مهر,۱۳۹۷,EPUB,184,فارسی,978-600-03-1694-5,11050 تومان - 2.49€
"کتاب‌های ادبیات پارسی, کتاب‌های شعر پارسی",کتاب صد قطره دلواپسی (با گوشه‌ای از فن شعر),عادل شیرازی, صفرتاصد,۱۳۹۹,PDF,126,فارسی,978-622-677066-8,رایگان - 0€
"کتاب‌های نقد و بررسی, کتاب‌های شعر پارسی",کتاب موازنه: جستارهایی در شکل شناسی و آسیب شناسی شعر نوین فارسی,سعید محمدحسنی,انتشارات نگاه,۱۴۰۱,EPUB,494,فارسی,978-622-267-203-4,55000 تومان - 5.99€
"نگارش, کتاب‌های ادبیات پارسی",کتاب از گفتمان ادبی تا هنر نویسندگی,نجیبه هنرور,انتشارات گیوا,۱۴۰۰,EPUB,159,فارسی,978-600-451-832-1,26900 تومان - 3.49€
کتاب‌های ادبیات پارسی,کتاب شب پر ستاره,ترانه جعفرزاده,انتشارات مؤلفین طلایی,۱۳۹۹,EPUB,82,فارسی,978-600-248250-1,15000 تومان - 1.99€
"کتاب‌های تاریخ ایران, کتاب‌های ادبیات پارسی",کتاب داستان باستان,محمد رسولی,انتشارات سبزان,۱۴۰۰,EPUB,112,فارسی,978-600-117-630-2,24000 تومان - 2.99€
کتاب‌های ادبیات پارسی,کتاب نکته‌دان عشق: روایتی از قدم تا قلم,احسان اقبال سعیدی ابواسحقی,انتشارات تندیس,۱۳۹۹,EPUB,95,فارسی,978-622-619039-8,رایگان - 0€
"کتاب‌های ادبیات پارسی, کتاب‌های شعر پارسی",کتاب یکصد منظومه‌ی عاشقانه‌ی فارسی,حسن ذوالفقاری,نشر چشمه,۱۴۰۱,PDF,1397,فارسی,978-600-94370-2-3,220000 تومان - 23.49€
"کتاب‌های ادبیات پارسی, کتاب‌های زندگی نامه",کتاب خلقیات نیما,ابراهیم قیصرى,انتشارات مازیار,۱۳۹۳,EPUB,96,فارسی,978-600-6043-33-3,6000 تومان - 0.99€
کتاب‌های ادبیات پارسی,کتاب کلیکه و دمنه,ابوالمعالی نصرالله منشی,نشر ارس,۱۴۰۱,EPUB,260,فارسی,978-600-5630-88-6,27000 تومان - 5.49€
"کتاب‌های دانشگاهی, کتاب‌های ادبیات پارسی",کتاب از بوستان جان (گزیده‌ی زبان و ادب فارسی),زهرا اسدی,نشر روزگار,۱۳۹۵,PDF,305,فارسی,978-964-374-645-2,16000 تومان - 1.99€
"کتاب‌های شعر پارسی, کتاب‌های ادبیات پارسی",کتاب اسیر زمانه,صمد کریم زاده,انتشارات نوآوران سینا,۱۴۰۰,EPUB,118,فارسی,978-622-7312-45-4,25000 تومان - 2.99€
"کتاب‌های ادبیات پارسی, کتاب‌های شعر پارسی",کتاب من متولد حضور توام,نرگس شریفاتی,انتشارات آفرینش مهر,۱۳۹۸,EPUB,129,فارسی,978-622-95706-5-4,25000 تومان - 5.49€
کتاب‌های ادبیات پارسی,کتاب هنر درک عمیق آگاهی: جستارها و تاملاتی پیرامون هستی درونی انسان,بهمن عباس زاده, آقاپور,۱۴۰۱,PDF,128,فارسی,978-622-94696-6-8,رایگان - 0€
"کتاب‌های ادبیات پارسی, کتاب‌های علوم سیاسی",کتاب در جستجوی صلح و عدالت: مقالات و اشعاری از ولتر - ویکتور هوگو - آدرین دانست - لافونتن,محمد ترابی,انتشارات پرتا‌ قلم,۱۴۰۰,EPUB,132,فارسی,978-622-98690-6-2,35000 تومان - 4.49€
"کتاب‌های روانشناسی بزرگسالان, کتاب‌های ادبیات پارسی",کتاب حافظ و رود جادو: پیوندهای ادبیات و روانکاوی 1,فرزام پروا,انتشارات نگاه,۱۴۰۱,EPUB,320,فارسی,978-622-267-210-2,38000 تومان - 4.49€
"کتاب‌های ادبیات پارسی, کتاب‌های زندگی نامه",کتاب یاد شهرزاد: چهل خاطره از قصه و قصه‌گویی,سید علی کاشفی خوانساری,نشر چشمه,۱۴۰۰,EPUB,194,فارسی,978-622-0109-53-2,40000 تومان - 7.49€
کتاب‌های ادبیات پارسی,کتاب سوزیان: گزین گفتار تاریخ بیهقی,علی بخشی,انتشارات پله,۱۳۹۶,EPUB,120,فارسی,978-600-94695-8-1,15500 تومان - 3.49€
"کتاب‌های ادبیات پارسی, کتاب‌های نقد و بررسی",کتاب نقد کتاب: مجموعه مقالات دومین جشنواره ملی نقد کتاب,محسن حاجی زین العابدینی,انتشارات کتابدار,۱۳۹۸,EPUB,192,فارسی,978-600-241-241-6,30000 تومان - 3.99€
"کتاب‌های ادبیات پارسی, کتاب‌های نقد و بررسی",کتاب موسم خیام,احسان اقبال سعیدی ابواسحقی,انتشارات مهرراوش,۱۴۰۱,EPUB,75,فارسی,978-622-5718-11-1,رایگان - 0€
کتاب‌های ادبیات پارسی,کتاب امید آفتابی من!: نامه‌های احمد شاملو و پسرش، سامان,احمد شاملو,نشر چشمه,۱۳۹۴,EPUB,96,فارسی,978-600-229-413-5,12000 تومان - 2.49€
"کتاب‌های ادبیات پارسی, کتاب‌های علوم قرآنی",کتاب ترامتنیت قرآن و حدیث در ادب فارسی,آرزو پوریزدان پناه کرمانی,انتشارات دانشگاه یزد,۱۴۰۱,PDF,305,فارسی,978-622-5846-16-6,25000 تومان - 2.99€
کتاب‌های ادبیات پارسی,کتاب گنج‌های نادیده,محمد ترابی,انتشارات پرتا‌ قلم,۱۴۰۰,EPUB,206,فارسی,978-622-98690-0,28000 تومان - 3.49€
"کتاب‌های شعر پارسی, کتاب‌های ادبیات پارسی",کتاب هدیه‌ای برای عشاق,محبوبه خدامرادی,انتشارات صالحیان,۱۳۹۹,EPUB,91,فارسی,978-622-214-646-7,20000 تومان - 2.49€
"کتاب‌های شعر پارسی, کتاب‌های ادبیات پارسی",کتاب آتیش بازی عشق,موسی زمان زاده دربان,انتشارات شکیب,۱۳۹۹,EPUB,32,فارسی,978-622-6675-44-4,25900 تومان - 3.49€
"کتاب‌های شعر پارسی, کتاب‌های ادبیات پارسی",کتاب مشتاق پرواز,فرشته سنگیان,انتشارات گنجور,۱۴۰۰,EPUB,137,فارسی,978-622-7621-32-7,30000 تومان - 6.49€
کتاب‌های ادبیات پارسی,کتاب دنیای افکار,مرسده نصاری,نشر عطران,۱۳۹۸,EPUB,32,فارسی,978-622-7037-35-7,16000 تومان - 1.99€
"کتاب‌های شعر پارسی, کتاب‌های ادبیات پارسی",کتاب نقش زیبای خیال,اقدس سلیمیان,نشر رزا,۱۳۹۸,EPUB,280,فارسی,978-622-6823-37-1,17000 تومان - 2.49€
"کتاب‌های شعر پارسی, کتاب‌های ادبیات پارسی",کتاب گاردنامه: مجموعه شعر و نثم,ماهان تیرماهی,انتشارات افراز,۱۳۹۸,EPUB,84,فارسی,978-600-326-451-9,33000 تومان - 3.99€
"کتاب‌های ادبیات پارسی, کتاب‌های علوم اجتماعی",کتاب معمای خنده: جستاری در شناخت شوخی و خنده,فاطمه نصر اصفهانی,انتشارات اندیشه احسان,۱۴۰۱,EPUB,228,فارسی,978-622-730316-2,54000 تومان - 5.99€
"کتاب‌های شعر پارسی, کتاب‌های ادبیات پارسی",کتاب مریم,مریم کوشکستانی,انتشارات آوای آرامش,۱۳۹۷,PDF,50,فارسی,978-622-6332-71-2,15000 تومان - 1.99€
"کتاب‌های اخلاق و معارف, کتاب‌های ادبیات پارسی",کتاب یک نور در هزار فرهنگ,منصور صالحی پور,انتشارات ارشدان,۱۳۹۸,EPUB,268,فارسی,978-622-251-119-7,8000 تومان - 0.99€
کتاب‌های ادبیات پارسی,کتاب شرح شمع شدن,احسان اقبال سعیدی ابواسحقی,انتشارات مهرراوش,۱۴۰۱,EPUB,76,فارسی,978-622-5718-17-3,رایگان - 0€
"کتاب‌های شعر پارسی, کتاب‌های ادبیات پارسی",کتاب جاده‌های بارانی,مریم کوشکستانی,انتشارات آوای آرامش,۱۳۹۸,PDF,71,فارسی,978-622-6881-20-3,10000 تومان - 1.49€
"کتاب‌های نقد و بررسی, کتاب‌های ادبیات پارسی",کتاب رویکرد تطبیقی به داستان‌های کوتاه زکریا تامر و غلامحسین ساعدی,فاطمه صحرایی سرمزده,انتشارات شکوه حکمت رحمانی,۱۳۹۸,PDF,254,فارسی,978-622-99425-5-0,45000 تومان - 4.99€
"کتاب‌های ادبیات پارسی, کتاب‌های نقد و بررسی",کتاب نویسش در نمایش: شش مقاله همراه با چهارده نمایشنامه‌ی نو,مهدی پوررضائیان,انتشارات نیستان,۱۳۹۱,EPUB,408,فارسی,978-964-337-707-6,15000 تومان - 3.49€
"کتاب‌های شعر پارسی, کتاب‌های ادبیات پارسی",کتاب استعاره‌های عاشقی,اسماء مقدس مشهور,انتشارات متخصصان,۱۳۹۸,EPUB,76,فارسی,978-622-6841-31-3,8000 تومان - 1.99€
"کتاب‌های زندگی نامه, کتاب‌های ادبیات پارسی",کتاب دلنوشته‌های زهرا دختر احمد آقا,زهرا غلامی راد,انتشارات آذرفر,۱۳۹۹,EPUB,56,فارسی,978-622-7533-30-9,17000 تومان - 2.49€
"کتاب‌های شعر پارسی, کتاب‌های ادبیات پارسی",کتاب ضیافت مهتاب,مریم کوشکستانی,انتشارات آوای آرامش,۱۳۹۶,PDF,112,فارسی,978-600-8827-07-8,10000 تومان - 1.49€
"کتاب‌های شعر پارسی, کتاب‌های ادبیات پارسی",کتاب دنیا بدون تو یکی دو شماره تنگ است,رسول ادهمی,انتشارات آریا گهر,۱۳۹۳,EPUB,136,فارسی,978-600-7632-03-1,24000 تومان - 2.99€
"کتاب‌های شعر پارسی, کتاب‌های ادبیات پارسی",کتاب شاعرانه‌ها و باورانه‌ها در نامه‌ها و نثر نیما,نیما یوشیج,نشر روزگار,۱۳۹۵,PDF,187,فارسی,978-964-374-638-4,36000 تومان - 6.99€
"کتاب‌های شعر پارسی, کتاب‌های ادبیات پارسی",کتاب عروس پاییزی: یک مشت شعر,حمیدرضا نصیری,انتشارات فرنام,۱۳۹۳,PDF,64,فارسی,978-600-94044-4-5,30000 تومان - 3.99€
"کتاب‌های سفرنامه, کتاب‌های زندگی نامه",کتاب نامه‌هایی از پاریس,امیرسعید الهی,بنگاه ترجمه و نشر کتاب پارسه,۱۳۹۸,EPUB,248,فارسی,978-600-253-400-2,49750 تومان - 5.49€
"کتاب‌های ارتباطات و روابط عمومی, کتاب‌های ادبیات پارسی",کتاب مکاتبات بین‌المللی در پژوهشگری,سعید جوی زاده,انتشارات آکادمیک,۱۳۹۷,EPUB,253,فارسی,978-600-8423-98-0,30000 تومان - 3.99€
"کتاب‌های نقد و بررسی, کتاب‌های ادبیات پارسی",کتاب سیر نقد شعر در ایران از مشروطه تا 1332 ه.ش,غلامحسین غلامحسین زاده,انتشارات روزنه,۱۳۸۰,EPUB,296,فارسی,978-964-334-063-3,26000 تومان - 3.49€
"کتاب‌های شعر پارسی, کتاب‌های ادبیات پارسی",کتاب 22 داستان از دفتر دوم مثنوی مولانا,مجید آذرشاهی,انتشارات مسیر دانشگاه,۱۳۹۸,PDF,234,فارسی,978-600-8830-32-0,12000 تومان - 1.49€
"کتاب‌های علوم اجتماعی, کتاب‌های ادبیات پارسی",کتاب در جست و جوی فرهنگ و فرزانگی: یادداشت‌هایی در زمینه توسعه فردی، فرهنگی و دانشگاهی,روح الله سلیمانی پور,انتشارات نویسه پارسی,۱۳۹۷,EPUB,168,فارسی,978-600-7030-73-8,15000 تومان - 1.99€
"کتاب‌های ادبیات پارسی, کتاب موفقیت و خودسازی",کتاب دخترکی کوچک با قلبی دریایی، کوهی بزرگ شد,شریفه اتباعی,انتشارات متخصصان,۱۳۹۸,EPUB,53,فارسی,978-622-6237-53-6,6500 تومان - 1.49€
کتاب‌های ادبیات پارسی,کتاب هشتگ مضیلیوم,مرضیه زمانی,انتشارات ویهان,۱۳۹۹,EPUB,109,فارسی,978-622-250027-6,15000 تومان - 1.99€
کتاب‌های ادبیات پارسی,کتاب دنیایی از یک حرف - کلام اول,امیر میرزاده,انتشارات برکت مریم,۱۳۹۶,EPUB,72,فارسی,978-600-95831-7-1,3900 تومان - 0.49€
"کتاب‌های ادبیات پارسی, کتاب‌های شعر پارسی",کتاب زبان درازی عشق,موسی زمان زاده دربان,انتشارات شکیب,۱۳۹۸,PDF,30,فارسی,978-622-667529-1,25900 تومان - 3.49€
کتاب‌های ادبیات پارسی,کتاب راز باران,سینا جعفری,انتشارات نسل روشن,۱۳۹۷,EPUB,44,فارسی,978-622-6413-55-8,9000 تومان - 1.49€
"کتاب‌های ادبیات پارسی, کتاب‌های نقد و بررسی",کتاب تاملی درباره‌ی رمان نوجوان در ایران,آسیه ذبیح نیا,نشر روزگار,۱۳۹۵,EPUB,280,فارسی,978-964-374-694-0,40000 تومان - 7.49€
کتاب‌های ادبیات پارسی,کتاب حر,حمیدرضا عراقی,انتشارات متخصصان,۱۳۹۸,EPUB,54,فارسی,978-622-6841-28-3,8000 تومان - 1.99€
کتاب‌های ادبیات پارسی,کتاب جریان عاشقانه‌ها,آیلین عبدی,انتشارات نسل روشن,۱۳۹۸,EPUB,92,فارسی,978-622-6413-35-0,13000 تومان - 1.99€
کتاب‌های ادبیات پارسی,کتاب اتوبوس,ایمان حسین میر,انتشارات آوای فردا,۱۳۹۶,EPUB,91,فارسی,978-600-96780-2-0,3800 تومان - 0.49€
کتاب‌های ادبیات پارسی,کتاب نگاهی به ادبیات کودک,صبا گلی فرهود,انتشارات جالیز,۱۳۹۸,PDF,109,فارسی,978-622-6411-40-0,20000 تومان - 2.49€
کتاب‌های ادبیات پارسی,کتاب نامه‌های بی‌جواب,بتول خزاعی نژاد,انتشارات شکوه حکمت رحمانی,۱۳۹۸,EPUB,158,فارسی,978-622-95784-1-4,25000 تومان - 2.99€
کتاب‌های ادبیات پارسی,کتاب تذکرۀ مرآةالخیال,شیرعلی خان لودی,انتشارات روزنه,۱۳۷۷,EPUB,370,فارسی,978-964-6176-06-2,5200 تومان - 0.99€
"کتاب‌های شعر پارسی, کتاب‌های ادبیات پارسی",کتاب رویای خورشید,فریبا سرائیان,انتشارات نسل روشن,۱۳۹۸,EPUB,100,فارسی,978-622-247-043-2,10000 تومان - 1.49€
کتاب‌های ادبیات پارسی,کتاب سنگ صبور,علی بزمایون,انتشارات مؤلفین طلایی,۱۳۹۹,EPUB,70,فارسی,978-600-248415-4,15000 تومان - 1.99€
کتاب‌های ادبیات پارسی,کتاب می‌نویسمت: مجموعه نامه‌ها,سیامک بهرام پرور,انتشارات هزاره ققنوس,۱۳۹۸,EPUB,256,فارسی,978-600-286-201-3,30000 تومان - 3.99€
"کتاب‌های ادبیات پارسی, کتاب‌های نقد و بررسی",کتاب بر ستیغ‌های حماسه: جستارهایی درباره‌ی شاهنامه و دیگر حماسه‌های ایرانی,قدمعلی سرامی,انتشارات باد,۱۳۹۲,PDF,406,فارسی,978-600-5963-04-5,35000 تومان - 4.49€
کتاب‌های ادبیات پارسی,کتاب لعل پاره: نود و پنج آفت زندگی از دیدگاه سعدی در گلستان,سید رضی میرصادقی,انتشارات سطر و قلم,۱۳۹۸,PDF,361,فارسی,978-622-6438-13-1,28000 تومان - 3.49€
"کتاب‌های ادبیات جهان, کتاب‌های ادبیات پارسی",کتاب جان‌های شیفته: دیالوگ‌های شاعرانه,واهه آرمن,نشر چشمه,۱۳۹۵,EPUB,157,فارسی,978-600-229-694-8,18000 تومان - 3.99€
کتاب‌های ادبیات پارسی,کتاب لذتی که حرفش بود: شش تک نگاری درباره‌ی دیدن و زیستن,پیمان هوشمندزاده,نشر چشمه,۱۳۹۴,EPUB,102,فارسی,978-600-229-572-9,30000 تومان - 6.49€
کتاب‌های ادبیات پارسی,کتاب دل نوشته‌های من,زهرا رضاسلطانی,انتشارات پژوهش اخوت,۱۳۹۸,EPUB,47,فارسی,978-622-6615-06-8,9500 تومان - 1.49€
"کتاب‌های شعر پارسی, کتاب‌های ادبیات پارسی",کتاب چقدر او شبیه خاطرات دور من است,زهرا فروتن,انتشارات متخصصان,۱۳۹۸,EPUB,61,فارسی,978-622-6841-23-8,9500 تومان - 1.99€
کتاب‌های ادبیات پارسی,کتاب عطر گل‌های احساس,خدیجه تاج الدین,انتشارات پر,۱۳۹۴,EPUB,56,فارسی,978-600-8137-03-0,رایگان - 0€
کتاب‌های ادبیات پارسی,کتاب عشق معکوس,محمد گلستانی مقدم,انتشارات علوی,۱۳۹۸,EPUB,76,فارسی,978-964-310-638-6,23000 تومان - 2.99€
"کتاب‌های ادبیات پارسی, کتاب‌های حقوق عمومی و خصوصی",کتاب نویسنده نمرده است: درباره حقوق نویسندگان و مترجمان آثار دراماتیک (کتاب آواژ 1),گروه نویسندگان,نشر آواژ,۱۴۰۰,EPUB,88,فارسی,978-600-8698-70-8,9900 تومان - 1.49€
"کتاب‌های ادبیات پارسی, کتاب‌های شعر پارسی",کتاب قصیده‌های مصنوع در علم بدیع، بیان و عروض و قافیه,عباسعلی وفایی,انتشارات روزنه,۱۳۸۲,PDF,351,فارسی,978-964-334-166-4,29500 تومان - 3.49€
کتاب‌های ادبیات پارسی,کتاب عشق زود می‌بخشد,ابوذر هدایتی,انتشارات تازه‌ها,۱۴۰۰,PDF,88,فارسی,978-622-7323-15-3,رایگان - 0€
کتاب‌های ادبیات پارسی,کتاب نقاشی که برای گل رز نامه نوشت: 9 نامه از یک هنرمند,وحید رسولیان,نشر مانیان,۱۳۹۹,EPUB,40,فارسی,978-622-7611-23-6,17000 تومان - 2.49€
کتاب‌های ادبیات پارسی,کتاب عشق در سال‌های تحریم,محمدفرزاد هاشم زاده,انتشارات نسل روشن,۱۴۰۰,EPUB,80,فارسی,978-622-247-677-9,13000 تومان - 1.99€
"کتاب‌های ادبیات پارسی, کتاب‌های داستان و رمان ایرانی",کتاب قرار پنجشنبه‌ها,محمدجواد اسعدی,انتشارات کلک آزادگان,۱۳۹۷,EPUB,156,فارسی,978-600-799-616-4,32000 تومان - 5.99€
"کتاب‌های ادبیات پارسی, کتاب‌های داستان و رمان ایرانی",کتاب چگونه نمیریم: یادداشت‌هایی در ستایش زندگی,نادیا شه مهر,نشر چشمه,۱۳۹۷,EPUB,81,فارسی,978-622-01-0018-8,9000 تومان - 1.99€
کتاب‌های ادبیات پارسی,کتاب آدم باش عاشق,وحید ملتجی,انتشارات سروش,۱۳۹۹,PDF,249,فارسی,978-964-1216-63-6,10000 تومان - 1.49€
کتاب‌های ادبیات پارسی,کتاب ادبیات در جنگ‌های ایران و روس,هدایت الله بهبودی,انتشارات سوره مهر,۱۳۹۶,EPUB,104,فارسی,978-600-175-744-0,6500 تومان - 1.49€
کتاب‌های ادبیات پارسی,کتاب باور من,مهشید بحری,انتشارات قلم اعظم,۱۳۹۵,EPUB,37,فارسی,987-600-7932-50-6,5000 تومان - 0.99€
"کتاب‌های شعر پارسی, کتاب‌های ادبیات پارسی",کتاب عشق در تنگنای زمان,مریم عامری قوژدی,انتشارات شکوه حکمت رحمانی,۱۳۹۸,PDF,89,فارسی,978-622-99425-9-8,20000 تومان - 2.49€
کتاب‌های ادبیات پارسی,کتاب دنیا خانه من است,نیما یوشیج,انتشارات امید فردا,۱۳۹۶,EPUB,192,فارسی,978-964-5731-83-8,45000 تومان - 4.99€
کتاب‌های ادبیات پارسی,کتاب تجلی جلال و جمال,محمود شاهرخی,انتشارات سوره مهر,۱۳۸۸,EPUB,64,فارسی,,4550 تومان - 0.99€
کتاب‌های ادبیات پارسی,کتاب روح سرگردان خیابان بهبودی,محمدامین چیت گران,انتشارات تیسا,۱۳۹۶,EPUB,96,فارسی,978-600-7683-85-9,18300 تومان - 2.49€
کتاب‌های ادبیات پارسی,کتاب آواز خوش زندگی,مسیحا برزگر,انتشارات ذهن آویز,۱۳۸۹,EPUB,144,فارسی,978-600-118-018-7,15000 تومان - 1.99€
کتاب‌های ادبیات پارسی,کتاب چهل و یک مجلس,محمدجواد مرادی نیا,انتشارات سوره مهر,۱۳۹۱,EPUB,400,فارسی,978-600-175-248-3,21450 تومان - 4.49€
کتاب‌های ادبیات پارسی,کتاب درآمدی بر بلاغت زبان فارسی بر پایه‌ی سخن سعدی,فرهاد محمدی,نشر روزگار,۱۳۹۷,EPUB,327,فارسی,978-964-374-843-2,36000 تومان - 6.99€
کتاب‌های ادبیات پارسی,کتاب جهان از قصه‌ها سرشته شده است,مسیحا برزگر,انتشارات خانه معنا,۱۳۹۴,EPUB,128,فارسی,978-964-8689-18-1,3900 تومان - 0.49€
کتاب‌های ادبیات پارسی,کتاب من محکوم استادی‌ توام: نامه‌هایی به مرتضی ممیز,رویا بیژنی,نشر روزگار,۱۳۹۵,EPUB,48,فارسی,978-964-374-600-1,36000 تومان - 6.99€
کتاب‌های ادبیات پارسی,کتاب با آهنگ عشق بخوان,خدیجه تاج الدین,انتشارات پر,۱۳۹۴,EPUB,64,فارسی,978-600-8137-00-9,رایگان - 0€
کتاب‌های ادبیات پارسی,کتاب رنگ عشق,پرویز خرسند,انتشارات شمشاد,۱۳۹۵,EPUB,48,فارسی,978-600-8392-10-1,4800 تومان - 0.99€
کتاب‌های ادبیات پارسی,کتاب زنی به نام خانم غریبه,رضوان کردی,انتشارات اردوی سوره,۱۳۹۹,EPUB,161,فارسی,978-622-6419-46-8,10000 تومان - 1.49€
کتاب‌های ادبیات پارسی,کتاب نشانی‌ لبخندهای خدا,علی اصغر صدیقی,انتشارات ترفند,۱۳۹۰,EPUB,42,فارسی,978-964-7332-36-1,13000 تومان - 1.99€
کتاب‌های ادبیات پارسی,کتاب به فرمان عشق,فرح مقصودی,انتشارات مینو,۱۳۹۹,EPUB,31,فارسی,978-964-748748-1,20000 تومان - 2.49€
"کتاب‌های ادبیات پارسی, کتاب‌های شعر پارسی",کتاب لبخند امید: دلنوشته‌های یک روانشناس - دفتر اول,آرزو سادات ملک نیا,انتشارات متخصصان,۱۴۰۰,EPUB,249,فارسی,978-622-292-258-0,38000 تومان - 6.99€
"کتاب‌های ادبیات پارسی, کتاب‌های جملات قصار",کتاب کلام مانا (گنجینه یادداشت‌های کوتاه عشق، خرد، ثروت و...),محمد ذوالفقاری,نشر مانیان,۱۳۹۹,EPUB,178,فارسی,978-622-7321-71-5,35000 تومان - 4.49€
کتاب‌های ادبیات پارسی,کتاب عفریتگی,هادی ملهب,انتشارات نسل روشن,۱۴۰۰,EPUB,108,فارسی,978-622-247-525-3,22500 تومان - 2.99€
کتاب‌های ادبیات پارسی,کتاب دو لیوان چای با عطر بهار نارنج,نگین آل آقا,انتشارات یمام,۱۳۹۹,EPUB,52,فارسی,978-600-877256-9,10000 تومان - 1.49€
کتاب‌های ادبیات پارسی,کتاب لجه غم، چکاد شوق: یادداشت‌هایی پراکنده از روایت نشیب و فراز,سهیل تفقدی,انتشارات نسل روشن,۱۳۹۹,EPUB,69,فارسی,978-622-247383-9,15000 تومان - 1.99€
"کتاب‌های ادبیات پارسی, کتاب‌های دانشگاهی",کتاب پرند پارسی: برگزیده متون ادب پارسی,مسعود صابری بهداد,انتشارات نگاران سبز,۱۳۹۴,PDF,290,فارسی,978-600-90536-7-4,35000 تومان - 4.49€
کتاب‌های ادبیات پارسی,کتاب کدام دل کدام دلبر,مریم مالدار,انتشارات نسل روشن,۱۳۹۸,EPUB,102,فارسی,978-622-247-042-5,9000 تومان - 1.49€
کتاب‌های ادبیات پارسی,کتاب خونریزی‌های مغزی اثیر,نیلوفر موسوی,انتشارات نسل روشن,۱۳۹۹,EPUB,97,فارسی,978-622-247347-1,12000 تومان - 1.49€
کتاب‌های ادبیات پارسی,کتاب پنجاه سال پس از هیروشیما,میکائیل قلی پور,انتشارات متخصصان,۱۳۹۹,EPUB,52,فارسی,978-622-735717-2,12000 تومان - 2.49€
"کتاب‌های ادبیات پارسی, کتاب‌های زبان تخصصی همه رشته‌ها",کتاب فرهنگ توصیفی اصطلاحات روایات شناسی,محسن محمدی فشارکی,انتشارات سوره مهر,۱۳۹۷,PDF,310,فارسی,978-600-03-1736-2,18200 تومان - 3.99€
کتاب‌های ادبیات پارسی,کتاب آبی، به رنگ کبودهایم,پارمیدا فتحی,انتشارات ارشدان,۱۳۹۹,EPUB,83,فارسی,978-622-275-430-3,10000 تومان - 1.49€
کتاب‌های ادبیات پارسی,کتاب دخترک سرکش شهر,محدثه سلمانی سه گنبد,انتشارات آقائی,۱۳۹۹,EPUB,26,فارسی,978-622-97647-7-0,13000 تومان - 1.99€
کتاب‌های ادبیات پارسی,کتاب من می‌مانم,معصوم ترکان,انتشارات ارشدان,۱۳۹۹,EPUB,80,فارسی,978-622-275089-3,10000 تومان - 1.49€
کتاب‌های ادبیات پارسی,کتاب پریسکه‌های نسیم,نسیم خوب آیند,انتشارات گیوا,۱۳۹۸,EPUB,58,فارسی,978-600-451-647-1,10000 تومان - 1.49€
کتاب‌های ادبیات پارسی,کتاب لیلی شناسنامه نمی‌خواهد,عطیه سادات حجتی,انتشارات نیستان,۱۳۹۹,EPUB,124,فارسی,978-622-208756-2,15000 تومان - 3.49€
"کتاب‌های ادبیات پارسی, کتاب‌های طنز",کتاب چه قدر خوبیم ما,ابراهیم رها,انتشارات مروارید,۱۳۹۴,EPUB,94,فارسی,978-964-191-385-6,32000 تومان - 5.99€
کتاب‌های ادبیات پارسی,کتاب ادبیات داستانی عامه,حسین یزدانی,نشر روزگار,۱۳۹۵,EPUB,294,فارسی,978-964-374-688-9,36000 تومان - 6.99€
کتاب‌های ادبیات پارسی,کتاب شگرف و شگفت: جستارها و نوشتارهایی در فرهنگ و ادب ایران,میرجلال الدین کزازی,نشر شورآفرین,۱۳۹۲,EPUB,245,فارسی,978-964-2995-93-6,30000 تومان - 6.49€
کتاب‌های ادبیات پارسی,کتاب دخترک عاشق,سایه مهری چمبلی,نشر عطران,۱۳۹۷,EPUB,76,فارسی,978-622-6201-03-2,12000 تومان - 1.49€
کتاب‌های ادبیات پارسی,کتاب تا زنده‌ام هویت من عشق است,عطیه سادات حجتی,انتشارات نیستان,۱۳۹۹,EPUB,118,فارسی,978-622-208757-9,15000 تومان - 3.49€
کتاب‌های ادبیات پارسی,کتاب یادداشت‌های بی‌سرنوشت,پاییز رحیمی,نشر بید,۱۳۹۹,EPUB,71,فارسی,978-622-7545-49-4,11600 تومان - 1.49€
"کتاب‌های ادبیات پارسی, کتاب‌های نقد و بررسی",کتاب حماسه در ادبیات انقلاب اسلامی ایران,عهدیه فاضلی,نشر روزگار,۱۳۹۵,EPUB,376,فارسی,978-964-374-620-9,36000 تومان - 6.99€
کتاب‌های ادبیات پارسی,کتاب تطبیق ادبیات پایداری در ایران و فلسطین,منیره شرفی,انتشارات لوح محفوظ,۱۳۹۴,PDF,223,فارسی,978-600-8000-18-1,30000 تومان - 3.99€
"کتاب‌های ادبیات پارسی, کتاب‌های انقلاب و دفاع مقدس",کتاب شعر انقلاب و ادبیات پایداری,محمد فولادی, مرکز بین المللی ترجمه و نشر المصطفی,۱۳۹۵,PDF,417,فارسی,978-600-429-131-6,29000 تومان - 3.49€
"کتاب‌های ادبیات پارسی, کتاب‌های بزرگان و مشاهیر",کتاب خورشید بی‌غروب,زهرا جمالی,انتشارات همداد,۱۳۹۶,EPUB,176,فارسی,978-964-8051-81-0,15000 تومان - 1.99€
کتاب‌های ادبیات پارسی,کتاب یادداشت‌های روزانه نیما,عبدالرضا رضایی نیا,انتشارات سوره مهر,۱۳۸۸,EPUB,366,فارسی,978-964-8838-92-3,18300 تومان - 3.99€
کتاب‌های ادبیات پارسی,کتاب قهقهه ی آفتاب آینه و بی نقاب: تجلی آینه در ادب و فرهنگ,قدمعلی سرامی,انتشارات ترفند,۱۳۹۰,EPUB,296,فارسی,978-600-5963-01-4,37000 تومان - 4.49€
"کتاب‌های ادبیات پارسی, کتاب‌های نقد و بررسی",کتاب شعر و ادب پارسی پشتوانه فرهنگی ایرانیان در عصر جهانی شدن,یوسف محمدنژاد عالی زمینی,انتشارات آکادمیک,۱۳۹۷,PDF,154,فارسی,978-622-99457-8-0,12000 تومان - 1.49€
کتاب‌های ادبیات پارسی,کتاب شاهنامه نگاری در ایران,سید عبدالمجید شریف زاده,انتشارات سوره مهر,۱۳۹۳,EPUB,280,فارسی,978-600-175-407-4,22750 تومان - 4.99€
کتاب‌های ادبیات پارسی,کتاب آشنایی با ادبیات مقاومت جهان,ضیاءالدین ترابی,انتشارات بنیاد حفظ آثار و نشر ارزش های دفاع مقدس,۱۳۸۹,EPUB,203,فارسی,978-600-5156-48-5,20000 تومان - 2.49€
"کتاب‌های ادبیات پارسی, کتاب‌های نقد و بررسی",کتاب بررسی چهره‌ی دیو و پری در افسانه‌های مازندران,فاطمه شمسی,انتشارات سوره مهر,۱۳۹۶,EPUB,256,فارسی,978-600-03-0676-2,22750 تومان - 4.99€
کتاب‌های ادبیات پارسی,کتاب برایم از عشق بگو,پریسا سلطانی,نشر عطران,۱۳۹۷,EPUB,81,فارسی,978-622-6201-07-0,12000 تومان - 1.49€
کتاب‌های ادبیات پارسی,کتاب روایت گل سرخ: برگزیده حکایات امام حسین (ع) در متون کهن فارسی,مهدی الماسی,انتشارات سوره مهر,۱۳۸۹,EPUB,480,فارسی,978-964-506-771-5,18850 تومان - 3.99€
کتاب‌های ادبیات پارسی,کتاب تو بهترینی,پریسا سلطانی,نشر عطران,۱۳۹۷,EPUB,146,فارسی,978-622-6201-06-3,12000 تومان - 1.49€
کتاب‌های ادبیات پارسی,کتاب روایت شطح,احمد عزیزی,انتشارات روزنه,۱۳۷۶,EPUB,178,فارسی,978-964-90133-3-4,4600 تومان - 0.99€
کتاب‌های ادبیات پارسی,کتاب ذهن دیوانه من,حمیدرضا ذاکری مروست,انتشارات اندیشمندان یزد,۱۳۹۶,EPUB,114,فارسی,978-600-484-008-8,5000 تومان - 0.99€
کتاب‌های ادبیات پارسی,کتاب خانواده گودرز و پیران در شاهنامه (علم برادران ایران و توران),محمدیونس طغیان ساکیان,انتشارات بین المللی الهدی,۱۳۸۸,EPUB,216,فارسی,978-964-439-428-7,15000 تومان - 1.99€
"کتاب‌های ادبیات پارسی, کتاب‌های عرفان و تصوف",کتاب ترانه خواندن به وقت باران,مسیحا برزگر,انتشارات خانه معنا,۱۳۹۶,EPUB,480,فارسی,978-964-8689-20-4,16900 تومان - 1.99€
کتاب‌های ادبیات پارسی,کتاب قدم زنان در کویر,محمد رضایی بختیاری,انتشارات پژوهش اخوت,۱۳۹۰,EPUB,78,فارسی,,11000 تومان - 1.49€
کتاب‌های ادبیات پارسی,کتاب رویای سبز,الهام مالکی,انتشارات همداد,۱۳۹۵,EPUB,108,فارسی,978-600-7972-09-0,8000 تومان - 0.99€
"کتاب‌های ادبیات پارسی, کتاب‌های دانشگاهی",کتاب چهارمقاله و مرزبان نامه,محمدرضا یوسفی, مرکز بین المللی ترجمه و نشر المصطفی,۱۳۹۲,EPUB,424,فارسی,978-964-195-794-2,24500 تومان - 2.99€
کتاب‌های ادبیات پارسی,کتاب عطر تو را تلاوت می کنم,محمدرضا مهدیزاده,انتشارات هزاره ققنوس,۱۳۹۳,EPUB,176,فارسی,978-600-5657-53-8,20000 تومان - 2.49€
کتاب‌های ادبیات پارسی,کتاب موسیقی معنوی شعر حافظ,جواد مرتضایی,انتشارات آوای نور,۱۳۸۵,EPUB,253,فارسی,978-964-5819-71-7,42000 تومان - 4.49€
"کتاب‌های ادبیات پارسی, کتابداری",کتاب گزیدۀ تاریخ ادبیات ایران از کهن‌ترین دوران تا امروز,مسعود گلزاری,انتشارات کتابدار,۱۳۸۸,EPUB,272,فارسی,978-600-5489-09-5,35000 تومان - 4.49€
کتاب‌های ادبیات پارسی,کتاب اینجا هوا خوب نیست,سحر رسولی,انتشارات آوای آرامش,۱۳۹۸,EPUB,72,فارسی,978-600-8827-28-3,30000 تومان - 3.99€
